Key,en,de,fr,it,zh
home_screen_title,"Welcome to\n<app_name>","Willkommen in der \n<app_name>","Bienvenue dans\n<app_name>","Benvenuto in\n<app_name>","欢迎使用\n<app_name>"
home_screen_scan,"Scan QR Code","QR Code Scannen","Scanner Code QR","Scansionare QR Code","Scan QR Code"
home_screen_register,"Register with Password","Mit Passwort registrieren","S'enregistrer avec un mot de passe","Registrati tramite password","使用密码注册"
home_screen_authenticate,"Simulate In-Band Authentication","In-Band-Authentifizierung simulieren","Simuler Authentification In-Band","Simula l'autenticazione In-Band","模拟带内验证"
home_screen_authenticate_and_register,"Register with In-Band Authentication","Registrierung mit In-Band-Authentifizierung","S'enregistrer avec Authentification In-Band","Registrarsi con l'autenticazione In-Band","使用带内认证进行注册"
home_screen_settings,"Settings","Einstellungen","Préférences","Impostazioni","设置"
scanner_screen_title,"Scan QR Code","QR Code Scannen","Scanner Code QR","Scansionare QR Code","Scan QR Code"
scanner_screen_description,"Place the QR code inside the frame","Platzieren Sie den QR Code innerhalb des Rahmens","Placez le code QR à l'intérieur du cadre","Posiziona il codice QR all'interno del riquadro","将二维码置于框内区域"
scanner_screen_access_denied_title,"Camera Access Denied","Kamerazugriff verweigert","Accès à la caméra refusé","Accesso alla fotocamera non consentito","无相机访问权限"
scanner_screen_access_denied_description,"Authorize the application to access the camera in order to scan a QR code","Sie müssen die App autorisieren auf die Kamera zuzugreifen um einen QR Code zu scannen.","Vous devez autoriser l'application à accéder à la caméra pour scanner le code QR","Devi autorizzare l'applicazione ad accedere alla fotocamera per poter scansionare il codice QR.","您需要启用相机访问权限才能使用二维码扫描功能"
scanner_screen_access_denied_settings,"Open System Settings","Systemeinstellungen öffnen","Ouvrir les préférences systèmes","Apri le impostazioni di sistema","打开系统设置"
scanner_screen_decoding_error_title,"Invalid QR Code","Der QR Code ist ungültig","Code QR invalide","Impossibile riconoscere il codice","无效二维码"
scanner_screen_decoding_error_description,"The scanned QR code is not recognized","Der gescannte QR Code wurde nicht erkannt.","Le code QR scanné n'est pas reconnu.","Il codice QR letto non è stato riconosciuto.","无法识别所扫描的二维码"
legacy_login_screen_username_placeholder,"Username","Benutzername","Nom d'utilisateur","Nome utente","用户名"
legacy_login_screen_password_placeholder,"Password","Passwort","Mot de passe","Password","密码"
legacy_login_screen_login,"Log in","Anmelden","Se connecter","Accedi","登陆"
legacy_login_screen_error_invalid_username,"Invalid username","Benutzername ungültig","Nom d'utilisateur invalide","Nome utente non valido","无效用户名"
legacy_login_screen_error_invalid_password,"Invalid password","Passwort ungültig","Mot de passe invalide","Password non valida","无效密码"
authenticator_selection_screen_title,"Select an Authentication Method","Wählen Sie eine Authentifizierungsmethode","Sélectionnez une méthode d'authentification","Selezionare un metodo di autenticazione","Select an Authentication Method"
authenticator_selection_screen_cancel,"Cancel","Abbrechen","Annuler","Annulla","取消"
pin_enrollment_screen_title,"Create PIN","PIN erstellen","Définir un PIN","Crea un PIN","创建识别码"
pin_enrollment_screen_change_pin,"Change PIN","PIN ändern","Changer de PIN","Cambia il PIN","更改识别码"
pin_enrollment_screen_format,"Define a six-digit PIN","Bitte wählen Sie eine sechsstellige PIN.","Veuillez définir un PIN de six chiffres.","Per favore fai in modo che il tuo PIN contenga solo numeri e abbia una lunghezza di sei cifre.","请创建6位识别码"
pin_enrollment_screen_confirmation_pin_placeholder,"Confirm PIN","PIN bestätigen","Confirmez le PIN","Conferma il PIN","确认识别码"
pin_enrollment_screen_confirm,"Confirm","Bestätigen","Confirmer","Conferma","确认"
pin_enrollment_screen_cancel,"Cancel","Abbrechen","Annuler","Annulla","取消"
pin_enrollment_screen_error_unequal_pins,"PINs do not match","Die eingegebenen PINs stimmen nicht überein.","Les PIN ne correspondent pas","I PIN inseriti non sono uguali","输入的识别码不一致"
pin_enrollment_screen_error_pin_format,"PIN must contain six digits","Falsches PIN Format. Die PIN muss sechsstellige sein","Mauvais format de PIN. Le PIN doit contenir six chiffres","Il formato del PIN è errato. Il PIN deve contenere 6 numeri","识别码格式错误。识别码必须为六位数字。"
pin_verification_screen_title,"Verification","Verifizierung","Vérification","Verifica","Verification"
pin_verification_screen_info,"Enter your PIN to complete the process","Bitte geben Sie Ihre PIN ein um den Vorgang abzuschliessen.","Veuillez entrer votre PIN pour compléter le processus","Per favore inserisci il tuo PIN per completare il processo di verifica.","请输入您的识别码来完成验证"
pin_verification_screen_pin_placeholder,"Enter PIN","PIN eingeben","Entrez le PIN","Inserisci il PIN","输入识别码"
pin_change_screen_format,"Enter a six-digit PIN","Bitte wählen Sie eine sechsstellige PIN.","Veuillez entrer un PIN de six chiffres.","Per favore fai in modo che il tuo PIN contenga solo numeri e abbia una lunghezza di sei cifre.","请输入6位验证码"
pin_change_screen_old_pin_placeholder,"Enter old PIN","Alte PIN eingeben","Entrez l'ancien PIN","Inserisci il vecchio PIN","输入旧的识别码"
pin_change_screen_new_pin_placeholder,"Enter new PIN","Neue PIN eingeben","Entrez le nouveau PIN","Inserisci il nuovo PIN","输入新的识别码"
pin_change_screen_confirm_new_pin_placeholder,"Confirm new PIN","Neue PIN bestätigen","Confirmez le nouveau PIN","Conferma il nuovo PIN","Confirm new PIN"
pin_change_screen_account_removed_after_lockout,"For security reasons, you were locked out and your account has been removed. Reregister in order to be able to authenticate again.","Aus Sicherheitsgründen wurden Sie ausgesperrt und Ihr Konto wurde entfernt. Sie müssen ein neues Konto einrichten, bevor Sie sich wieder authentifizieren können.","Pour des raisons de sécurité, vous avez été bloqué et votre compte a été supprimé. Vous devez définir un nouveau compte avant de pouvoir vous authentifier à nouveau.","Per ragioni di sicurezza, sei stato bloccato e il tuo account è stato rimosso. Devi definire un nuovo account prima di poterti autenticare di nuovo.","For security reasons, you were locked out and your account has been removed. You need to define a new account before being able to authenticate again."
pin_change_screen_pin_old_and_new_pin_are_equal,"The new PIN must be different from the old one","Die neue und die alte PIN sind identisch","Le nouveau et l'ancien PIN sont les mêmes","Il nuovo e il vecchio PIN sono gli stessi","The new and old PIN are the same"
pin_change_screen_pin_alert_error_message,"Changes to PIN have not been saved","Die Änderungen an der PIN wurden nicht gespeichert","Les modifications du PIN n'ont pas été enregistrées","Le modifiche al PIN non sono state salvate","Changes to PIN have not been saved"
pin_protection_status_description_previous_error_last_retry_without_cooldown,"An invalid PIN was previously provided. This is your last try.\nAfter that your PIN will be blocked.","Es wurde zuvor eine ungültige PIN eingegeben. Sie haben noch 1 Versuch übrig. Danach wird Ihre PIN gesperrt.","Un code PIN invalide a été fourni précédemment. Il vous reste 1 essai. Après cela, votre code PIN sera bloqué.","In precedenza è stato fornito un PIN non valido. Le rimane 1 tentativo.\nDopo di che il suo PIN sarà bloccato.","An invalid PIN was previously provided. You have 1 try left.\nAfter that your PIN will be blocked."
pin_protection_status_description_last_retry_without_cooldown,"Invalid PIN. This is your last try.\nAfter that your PIN will be blocked.","Ungültige PIN. Sie haben noch 1 Versuch übrig. Danach wird Ihre PIN gesperrt.","PIN non valide. Il vous reste 1 essai. Après cela, votre code PIN sera bloqué.","PIN non valido. Le rimane 1 tentativo.\nDopo di che il suo PIN sarà bloccato.","无效识别码。您还可以尝试1次\n此后您的识别码将被锁定"
settings_screen_title,"Settings","Einstellungen","Préférences","Impostazioni","设置"
settings_screen_section_accounts_header,"Accounts","Konten","Comptes","Accounts","Accounts"
settings_screen_account_no_accounts,"No Accounts","Keine Konten definiert","Aucun compte défini","Nessun account definito","No Accounts Defined"
settings_screen_section_about_header,"About","Info","A propos","Informazioni","关于"
account_screen_pin_authenticator_error_alert_title,"Error","Fehler","Erreur","Errore","错误"
settings_screen_app_version,"<app_name>","<app_name>","<app_name>","<app_name>","<app_name>"
settings_screen_nevis_sdk_version,"Nevis Mobile Authentication SDK","Nevis Mobile Authentication SDK","Nevis Mobile Authentication SDK","Nevis Mobile Authentication SDK","Nevis手机验证SDK"
settings_screen_privacy_policy_title,"Privacy Policy","Privacy Policy","Privacy Policy","Privacy Policy","隐私条款"
settings_screen_help_title,"Help","Hilfe","Aide","Aiuto","Help"
settings_screen_registration_title,"Registration Page","Registrierungsseite öffnen","Ouvrir la page d'inscription","Aprire la pagina di registrazione","Open registration page"
settings_screen_section_device_header,"Device","Gerät","Dispositif","Dispositivo","器材"
settings_screen_section_no_device_information,"No Device Information","Keine Geräteinformation","Aucune information sur le dispositif","Nessuna informazione sul dispositivo","没有设备信息"
settings_screen_reset_all_data,"Reset <app_name>","<app_name> zurücksetzen","Réinitialiser <app_name>","Ripristino di <app_name>","重置<app_name>"
settings_screen_reset_data_alert_title,"Erasing Data","Alle Daten löschen","Réinitialiser toutes les données","Ripristina tutti i dati","删除所有数据"
settings_screen_reset_data_alert_message,"This will reset all files and settings for the application","Dadurch werden alle Dateien und Einstellungen für die Anwendung zurückgesetzt.","Toutes les données et préférences de l'application vont êtres supprimées.","Tutti i file e le impostazioni dell'applicazione verranno ripristinati.","此操作将重置应用内所有的文件及设置"
settings_screen_reset_data_alert_confirm,"Reset All Data","Alle Daten und Einstellungen zurücksetzen","Réinitialiser toutes les données et préférences","Ripristina tutti i dati e le impostazioni","重置所有数据"
settings_screen_reset_data_alert_cancel,"Cancel","Abbrechen","Annuler","Annulla","取消"
advanced_settings_screen_title,"Advanced Settings","Erweiterte Einstellungen","Paramètres avancés","Impostazioni avanzate","Advanced Settings"
advanced_settings_screen_server_url_header,"Server URL","Server URL","URL du serveur","URL del server","服务器URL"
advanced_settings_screen_server_url_whitelist_header,"Server URL Whitelist","Server URL Whitelist","Liste blanche d'URL de serveur","Lista bianca dell'URL del server","Server URL Whitelist"
advanced_settings_screen_facetid_header,"Facet Id","Facet Id","Facet Id","Facet Id","Facet Id"
advanced_settings_screen_dispatch_target_name_header,"Device Name","Gerätebezeichnung","Nom du dispositif","Nome del dispositivo","Device Name"
advanced_settings_screen_dispatch_target_id_header,"Device Identifier","Gerätekennzeichen","Identifiant du dispositif","Identificatore del dispositivo","Device Identifier"
advanced_settings_screen_deeplink_domain_header,"Deeplink Domain","Deeplink Domäne","Domaine Deeplink","Dominio Deeplink","Deeplink Domain"
advanced_settings_screen_custom_uri_header,"Custom URI","Benutzerdefinierte URI","URI personnalisé","URI personalizzato","Custom URI"
advanced_settings_screen_callback_url_whitelist_header,"Callback URL Whitelist","Rückruf-URL Whitelist","Liste blanche des URL de rappel","Whitelist dell'URL di callback","Callback URL Whitelist"
advanced_settings_screen_feature_flags_header,"Feature Flags","Merkmal-Flags","Drapeaux des fonctionnalités","Bandiere delle caratteristiche","Feature Flags"
advanced_settings_screen_force_upgrade_feature_flag,"Force Upgrade Enabled","Force Upgrade Aktiviert","Mise à niveau forcée activée","Forzare l'aggiornamento abilitato","Force Upgrade Enabled"
advanced_settings_screen_in_band_registration_feature_flag,"In-band Registration Enabled","In-Band-Registrierung Aktiviert","Enregistrement en bande Activé","Registrazione in banda abilitata","In-band Registration Enabled"
advanced_settings_screen_screenshot_prevention_feature_flag,"Screenshot Prevention Enabled","Screenshot-Verhinderung Aktiviert","Prévention des captures d'écran activée","Prevenzione degli screenshot abilitata","Screenshot Prevention Enabled"
advanced_settings_screen_no_device_information,"No Device Information","Keine Geräteinformation","Aucune information sur le dispositif","Nessuna informazione sul dispositivo","没有设备信息"
advanced_settings_screen_share,"Share","Teilen","Partager","Condividere","Share"
success_screen_action_title,"Continue","Weiter","Démarrer","Avanti","继续"
success_screen_registration_title,"Registration Successful","Registrierung erfolgreich","Enregistrement terminé","Registrazione completata","注册成功"
success_screen_registration_message,"Your app is ready to use","Sie können die App nun verwenden.","Vous pouvez désormais utiliser l'application pour vous identifier.","Ora puoi utilizzare l'applicazione per accedere.","您现在可以开始使用此应用了"
success_screen_authentication_title,"Authentication Successful","Anmeldung erfolgreich","Authentification réussie","Accesso riuscito","验证成功"
success_screen_deregistration_title,"Account Successfully Removed","Konto wurde erfolgreich entfernt","Compte supprimé avec succès","Account rimosso con successo","Account Successfully Removed"
error_screen_title,"Failure","Fehler","Échec","Operazione non riuscita","错误"
error_screen_message,"Unknown error","Wir bitten um Verzeihung, Sie sind auf einen unbekannten Fehler gestossen.","Une erreur inconnue est survenue.","Puoi chiudere l'applicazione e tornare al servizio precedente.","抱歉，发生了未知错误。请重新尝试"
error_screen_action_title,"Close","Schliessen","Fermer","Chiudi","关闭"
error_screen_registration_title,"Registration Failed","Registrierung fehlgeschlagen","Échec de l'enregistrement","Registrazione non riuscita","注册失败"
error_screen_stopped_registration_title,"Registration Stopped","Registrierung gestoppt","Arrêt de l'enregistrement","Registrazione interrotta","Registration Stopped"
error_screen_authentication_title,"Authentication Failed","Anmeldung fehlgeschlagen","Échec de l'authentification","Accesso non riuscito","验证失败"
operation_screen_title,"Please wait…","Bitte warten…","Veuillez patienter…","Caricamento…","请稍等片刻…"
outdated_app_screen_title,"Update Available","Ein Update ist verfügbar","Une mise à jour est disponible","È disponibile un nuovo aggiornamento","有更新可用"
transaction_screen_title,"Authorization","Autorisierung","Autorisation","Autorizzazione","Authorization"
transaction_screen_description,"Confirm the information below to proceed","Bitte bestätigen Sie die folgenden Informationen, um fortzufahren","Veuillez confirmer les informations ci-dessous pour continuer","Si prega di confermare le informazioni qui sotto per procedere","Please confirm the information below to proceed"
transaction_screen_confirm,"Confirm","Bestätigen","Confirmer","Conferma","确认"
transaction_screen_cancel,"Cancel","Abbrechen","Annuler","Annulla","取消"
confirmation_screen_title,"Confirmation Required","Bestätigung Erforderlich","Confirmation Requise","Conferma richiesta","Confirmation Required"
confirmation_screen_confirm,"Confirm","Bestätigen","Confirmer","Conferma","确认"
confirmation_screen_cancel,"Cancel","Abbrechen","Annuler","Annulla","取消"
error_registration_decrypting_out_of_band_payload,"Could not decrypt the message.\n\nCheck that the device you are using is the one registered for this application.","Die Nachricht konnte nicht entschlüsselt werden.\n\nStellen Sie sicher, dass sie das gleiche Gerät verwenden welches Sie für die Registrierung benutzt haben.","Impossible de décrypter le contenu du message. \n\nVeuillez vérifier que le dispositif que vous utilisez est bien celui qui est enregistré pour cette application.","Non è stato possibile decodificare il contenuto del messaggio.\n\nVerificare che il dispositivo utilizzato sia quello registrato per questa applicazione.","Could not decrypt the contents of the message.\n\nCheck that the device you use is the one registered for this application."
error_registration_access_denied,"You are not authorized to register","Sie sind nicht berechtigt sich zu registrieren.","Vous n'êtes pas autorisé à vous enregistrer.","Non ti è permesso registrarti.","您未被允许注册"
error_registration_key_disappeared,"Security data was deleted.\nRegister again.","Die Sicherheitsdaten wurden gelöscht.\nBitte melden Sie sich erneut an.","Les données de sécurité ont été effacées.\nVeuillez vous enregistrer à nouveau.","I dati sulla sicurezza sono stati eliminati.\nPer favore registrati di nuovo.","安全数据已经被删除\n请重新注册"
error_registration_user_not_responsive,"The registration timed out, try again","Zeitüberschreitung während der Registrierung, bitte versuchen Sie es erneut.","Veuillez réessayer et terminer l'enregistrement plus rapidement.","Per favore riprova e completa la registrazione più velocemente.","注册超时，请重新尝试"
error_registration_user_lockout,"For security reasons, you were locked out. Define a new PIN to be able to register again.","Aus Sicherheitsgründen wurden Sie ausgesperrt. Sie müssen eine neue PIN definieren, bevor Sie sich erneut registrieren können.","Pour des raisons de sécurité, son authentificateur a été bloqué. Vous devez définir un nouveau code PIN avant de pouvoir vous enregistrer à nouveau.","Per ragioni di sicurezza, il suo autenticatore è stato bloccato. È necessario definire un nuovo PIN prima di potersi registrare di nuovo.","出于安全考虑，您的账户已经被锁定。您需要设置新的识别码再进行注册"
error_registration_user_lockout_with_system_authenticator,"For security reasons, you were locked out.\n\nUnlock your authentication method in the phone System Settings.","Aus Sicherheitsgründen wurden Sie ausgesperrt.\n\nUm Ihren Authentifikator zu entsperren, gehen Sie bitte zu den Systemeinstellungen.","Pour des raisons de sécurité, son authentificateur a été bloqué.\n\nPour déverrouiller votre méthode d'authentification, rendez-vous dans les préférences du système.","Per ragioni di sicurezza, il suo autenticatore è stato bloccato.\n\nPer sbloccare il vostro autenticatore andate nelle Impostazioni di sistema.","出于安全考虑，您的账户已经被锁定\n\n请到系统设置中解锁验证人"
error_registration_networking,"Your phone is experiencing network issues.\nTry again later.","Es treten Netzwerkprobleme auf.\nBitte versuchen Sie es später erneut, wenn Sie eine bessere Netzverbindung haben.","Vous avez des problèmes de réseau.\nVeuillez essayer à nouveau lorsque vous aurez une meilleure connexion.","Ci sono problemi di rete.\nPer favore riprova più tardi quando la connessione dati sarà migliore.","您的手机存在网络问题\n请在网络畅通时重新尝试"
error_registration_token_already_redeemed,"You tried to authenticate twice using the same push notification or QR code.\nTry again by requesting a new QR code or push notification.","Sie haben versucht sich zwei mal mit der gleichen Push Nachricht oder dem gleichen QR Code zu authentisieren.\n\nBitte versuchen Sie eine neue Push Nachricht oder einen neuen QR Code anzufordern.","Vous avez essayé de vous authentifier deux fois en utilisant la même notification push ou le même code QR.\nVeuillez réessayer en demandant un nouveau code QR ou une  nouvelle notification push.","Hai provato ad effettuare l'autenticazione due volte utilizzando la stessa notifica push o lo stesso codice QR.\n\nSi prega di provare di nuovo richiedendo un nuovo codice QR o notifica push.","You have tried to authenticate twice using the same push notification or QR code.\nPlease try again requesting a new QR code or push notification."
error_registration_fingerprint_not_enrolled,"Before using the fingerprint authenticator, enroll your fingerprint in the phone System Settings","Ihr Fingerabdruck muss in den Systemeinstellungen hinterlegt sein bevor Sie sich mit Fingerabdruck authentisieren können.","Avant d'utiliser l'authentificateur d'empreintes digitales, vous devez définir votre empreinte digitale dans les préférences du système.","Prima di utilizzare il fingerprint authenticator, è necessario impostare la propria impronta digitale nelle impostazioni di sistema.","Before using the fingerprint authenticator, you must define your fingerprint in the System Settings."
error_registration_key_disappeared_fingerprint,"Your fingerprint authentication method is not available because the fingerprint was disabled or modified in the System Settings. Please contact support.","Sie können sich nicht mit Fingerabdruck authentisieren da der Fingerabdruck in den Systemeinstellungen entweder entfernt oder angepasst worden ist. Bitte kontaktieren Sie Support um die Applikation wieder verwenden zu können.","Votre authentificateur d'empreintes digitales n'est pas disponible parce que l'empreinte digitale a été désactivée ou modifiée dans les préférences du système. Pour pouvoir utiliser à nouveau l'application, veuillez contacter le support.","Il vostro fingerprint authenticator non è disponibile perché è stato disattivato o modificato nelle impostazioni di sistema. Per poter utilizzare nuovamente l'applicazione si prega di contattare il supporto tecnico.","Your fingerprint authenticator is not available because the fingerprint was disabled or modified in the System Settings. To be able to use the application again please contact support."
error_registration_untrusted_facet_id,"Error validating the facet ID of the server. Please contact support.","Bei der Überprüfung der Facet ID ist ein Fehler aufgetreten. Bitte kontaktieren Sie Support sollte das Problem bestehen.","Erreur de validation de la facet ID du serveur. Veuillez contacter le support si le problème persiste.","Errore nella convalida del facet ID del server. Contattare il supporto se il problema persiste.","Error validating the facet ID of the server. Contact support if the problem persists."
error_registration_generic,"A technical error occurred, try again","Ein technischer Fehler ist aufgetreten.\nBitte versuchen Sie es erneut.","Une erreur technique est survenue.\nVeuillez réessayer.","Si è verificato un errore tecnico.\nPer favore prova di nuovo.","出现技术问题\n请重新尝试"
error_registration_denied_multiple_registration,"You have already registered all the available authentication methods for this account.","Sie haben bereits alle verfügbaren Authentifizierungsmethoden für dieses Konto registriert.","Vous avez déjà enregistré toutes les méthodes d'authentification disponibles pour ce compte.","Hai già registrato tutti i metodi di autenticazione disponibili per questo account.","You have already registered all the available authentication methods for this account."
error_registration_denied_multiple_account,"You are trying to register a new account. Only one account is supported.","Sie versuchen, ein neues Konto zu registrieren. Es wird nur ein Konto unterstützt.","Vous essayez d'enregistrer un nouveau compte. Un seul compte est supporté.","Stai cercando di registrare un nuovo account. È supportato un solo account.","You are trying to register a new account. Only one account is supported."
error_registration_denied_maximum_account_number,"You are trying to register a new account. You have already registered the maximum number of accounts (%1$d).","Sie versuchen, ein neues Konto zu registrieren. Sie haben bereits die maximal unterstützte Kontonummer (%1$d) registriert.","Vous essayez d'enregistrer un nouveau compte. Vous avez déjà enregistré le numéro de compte maximum supporté (%1$d).","Stai cercando di registrare un nuovo account. Hai già registrato il numero massimo di conto supportato (%1$d).","You are trying to register a new account. You have already registered the maximum supported account number (%1$d)."
error_invalid_host_title,"Error","Fehler","Erreur","Errore","错误"
error_host_not_in_white_list,"You are trying to do an operation on a server that is unknown by this application.","Sie versuchen, eine Operation auf einem Server durchzuführen, der dieser Anwendung unbekannt ist.","Vous essayez d'effectuer une opération sur un serveur qui est inconnu de cette application.","State cercando di fare un'operazione su un server che è sconosciuto a questa applicazione.","You are trying to do an operation on a server that is unknown by this application."
error_host_does_not_match_stored_host,"You are trying to do an operation on a different server than the one this application was initially configured for.","Sie versuchen, einen Vorgang auf einem anderen Server durchzuführen als dem, für den diese Anwendung ursprünglich konfiguriert wurde.","Vous essayez d'effectuer une opération sur un serveur différent de celui pour lequel cette application a été initialement configurée.","Stai cercando di fare un'operazione su un server diverso da quello per cui questa applicazione è stata inizialmente configurata.","You are trying to do an operation on a different server than the one this application was initially configured for."
error_authentication_decrypting_out_of_band_payload,"Could not decrypt the message.\n\nCheck that the device you are using is the one registered for this application.","Die Nachricht konnte nicht entschlüsselt werden.\n\nStellen Sie sicher, dass sie das gleiche Gerät verwenden welches Sie für die Registrierung benutzt haben.","Impossible de décrypter le contenu du message. \n\nVeuillez vérifier que le dispositif que vous utilisez est bien celui qui est enregistré pour cette application.","Non è stato possibile decodificare il contenuto del messaggio.\n\nVerificare che il dispositivo utilizzato sia quello registrato per questa applicazione.","Could not decrypt the contents of the message.\n\nCheck that the device you use is the one registered for this application."
error_authentication_access_denied,"We were not able to verify your identity","Wir konnten Ihre Identität nicht überprüfen.","Nous n'avons pas été en mesure de vérifier votre identité.","Non siamo stati in grado di verificare la tua identità.","我们无法验证您的身份"
error_authentication_key_disappeared,"Security data was deleted.\nRegister again.","Sicherheitsdaten wurden gelöscht.\nBitte registrieren Sie sich erneut.","Les données de sécurité ont été effacées.\nVeuillez vous enregistrer à nouveau.","I dati sulla sicurezza sono stati eliminati.\nPer favore registrati di nuovo.","安全数据已经被删除\n请重新注册"
error_authentication_user_not_responsive,"The authentication timed out, try again","Zeitüberschreitung während der Authentisierung, bitte versuchen Sie es erneut.","Veuillez réessayer et finir l'enregistrement plus rapidement.","Per favore riprova e completa l'autenticazione più velocemente.","验证已超时，请重新尝试"
error_authentication_user_lockout,"For security reasons, you were locked out. Define a new PIN to be able to authenticate again.","Aus Sicherheitsgründen wurden Sie ausgesperrt. Sie müssen eine neue PIN definieren, bevor Sie authentisieren können.","Pour des raisons de sécurité, son authentificateur a été bloqué. Vous devez définir un nouveau code PIN avant de pouvoir vous authentifier à nouveau.","Per ragioni di sicurezza, il suo autenticatore è stato bloccato. È necessario definire un nuovo PIN prima di potersi autenticare di nuovo.","出于安全考虑，您的账户已经被锁定。您需要设置新的识别码再进行注册"
error_authentication_user_lockout_with_system_authenticator,"For security reasons, you were locked out.\n\nUnlock your authentication method in the phone System Settings.","Aus Sicherheitsgründen wurden Sie ausgesperrt.\n\nUm Ihren Authentifikator zu entsperren, gehen Sie bitte zu den Systemeinstellungen.","Pour des raisons de sécurité, son authentificateur a été bloqué.\n\nPour déverrouiller votre méthode d'authentification, rendez-vous dans les préférences du système.","Per ragioni di sicurezza, il suo autenticatore è stato bloccato.\n\nPer sbloccare il vostro autenticatore andate nelle Impostazioni di sistema.","出于安全考虑，您的账户已经被锁定\n\n请到系统设置中解锁验证人"
error_authentication_networking,"Your phone is experiencing network issues.\nTry again later.","Es treten Netzwerkprobleme auf. Bitte versuchen Sie es später erneut, wenn Sie eine bessere Netzverbindung haben.","Vous avez des problèmes de réseau. Veuillez essayer à nouveau lorsque vous aurez une meilleure connexion.","Ci sono problemi di rete. Per favore riprova più tardi quando la connessione dati sarà migliore.","您的手机存在网络问题\n请在网络畅通时重新尝试"
error_authentication_token_already_redeemed,"You tried to authenticate twice using the same push notification or QR code.\nTry again by requesting a new QR code or push notification.","Sie haben versucht sich zwei mal mit der gleichen Push Nachricht oder dem gleichen QR Code zu authentisieren.\n\nBitte versuchen Sie eine neue Push Nachricht oder einen neuen QR Code anzufordern.","Vous avez essayé de vous authentifier deux fois en utilisant la même notification push ou le même code QR.\nVeuillez réessayer en demandant un nouveau code QR ou une  nouvelle notification push.","Hai provato ad effettuare l'autenticazione due volte utilizzando la stessa notifica push o lo stesso codice QR.\n\nSi prega di provare di nuovo richiedendo un nuovo codice QR o notifica push.","You have tried to authenticate twice using the same push notification or QR code.\nPlease try again requesting a new QR code or push notification."
error_authentication_fingerprint_not_enrolled,"Before using the fingerprint authentication method, enroll your fingerprint in the phone System Settings","Ihr Fingerabdruck muss in den Systemeinstellungen hinterlegt sein bevor Sie sich mit Fingerabdruck authentisieren können.","Avant d'utiliser l'authentificateur d'empreintes digitales, vous devez définir votre empreinte digitale dans les préférences du système.","Prima di utilizzare il fingerprint authenticator, è necessario impostare la propria impronta digitale nelle impostazioni di sistema.","Before using the fingerprint authenticator, you must define your fingerprint in the System Settings."
error_authentication_key_disappeared_fingerprint,"Your fingerprint authentication method is not available because the fingerprint was disabled or modified in the System Settings. Please contact support.","Sie können sich nicht mit Fingerabdruck authentisieren da der Fingerabdruck in den Systemeinstellungen entweder entfernt oder angepasst worden ist. Bitte kontaktieren Sie Support um die Applikation wieder verwenden zu können.","Votre authentificateur d'empreintes digitales n'est pas disponible parce que l'empreinte digitale a été désactivée ou modifiée dans les préférences du système. Pour pouvoir utiliser à nouveau l'application, veuillez contacter le support.","Il vostro fingerprint authenticator non è disponibile perché è stato disattivato o modificato nelle impostazioni di sistema. Per poter utilizzare nuovamente l'applicazione si prega di contattare il supporto tecnico.","Your fingerprint authenticator is not available because the fingerprint was disabled or modified in the System Settings. To be able to use the application again please contact support."
error_authentication_untrusted_facet_id,"Error validating the facet ID of the server. Please contact support.","Bei der Überprüfung der Facet ID ist ein Fehler aufgetreten. Bitte kontaktieren Sie Support sollte das Problem bestehen.","Erreur de validation de la facet ID du serveur. Veuillez contacter le support si le problème persiste.","Errore nella convalida del facet ID del server. Contattare il supporto se il problema persiste.","Error validating the facet ID of the server. Contact support if the problem persists."
error_authentication_generic,"A technical error occurred, try again","Ein technischer Fehler ist aufgetreten.\nBitte versuchen Sie es erneut.","Une erreur technique est survenue.\nVeuillez réessayer.","Si è verificato un errore tecnico.\nPer favore prova di nuovo.","出现技术问题\n请重新尝试"
error_authentication_no_suitable_authenticator,"Your selected authentication method is no longer accepted. This is most likely because it was removed from your online profile. To use another authentication method please deactivate this one first in the application Settings.","Ihre gewählte Authentisierungsmethode wird nicht mehr akzeptiert. Dies liegt höchstwahrscheinlich daran, dass es aus Ihrem Online-Profil entfernt wurde. Um eine andere Authentisierungsmethode zu verwenden, deaktivieren Sie diese bitte zuerst in den App-Einstellungen.","La méthode d'authentification que vous avez choisie n'est plus acceptée. Cela est très probablement dû au fait qu'elle a été supprimée de votre profil en ligne. Pour utiliser une autre option d'authentification, veuillez d'abord désactiver celle-ci dans les Préférences de l'application.","L'opzione di autenticazione selezionata non è più accettata. Questo è molto probabilmente dovuto al fatto che è stata rimossa dal vostro profilo online. Per utilizzare un'altra opzione di autenticazione, disattivatela prima nelle Impostazioni dell'applicazione.","Your selected authentication method is no longer accepted. This is most likely because it was removed from your online profile. To use another authentication method please deactivate this one first in the application Settings."
error_deregistration_access_denied,"We were not able to verify your identity","Wir konnten Ihre Identität nicht überprüfen.","Nous n'avons pas été en mesure de vérifier votre identité.","Non siamo stati in grado di verificare la tua identità.","我们无法验证您的身份"
error_deregistration_user_cancelled,"You cancelled the account removal","Sie haben die Entfernung des Kontos abgebrochen.","Vous avez annulé la suppression du compte.","Hai annullato la rimozione dell'account.","You cancelled the account removal."
error_deregistration_key_disappeared,"Security data was deleted.\nRegister again.","Sicherheitsdaten wurden gelöscht.\nBitte melden Sie sich erneut an.","Les données de sécurité ont été effacées.\nVeuillez vous enregistrer à nouveau.","I dati sulla sicurezza sono stati eliminati.\nPer favore registrati di nuovo.","安全数据已经被删除\n请重新注册"
error_deregistration_user_not_responsive,"The account removal timed out, try again","Zeitüberschreitung während der Entfernung des Kontos, bitte versuchen Sie es erneut.","Veuillez réessayer et finir la suppression du compte plus rapidement.","Per favore riprova e completa il processo di rimozione dell'account più velocemente.","The account removal timed out, please try again."
error_deregistration_user_lockout,"For security reasons, you were locked out. Define a new PIN to be able to register again.","Aus Sicherheitsgründen wurden Sie ausgesperrt. Sie müssen eine neue PIN definieren, bevor Sie sich erneut registrieren können.","Pour des raisons de sécurité, son authentificateur a été bloqué. Vous devez définir un nouveau code PIN avant de pouvoir vous enregistrer à nouveau.","Per ragioni di sicurezza, il suo autenticatore è stato bloccato. È necessario definire un nuovo PIN prima di potersi registrare di nuovo.","出于安全考虑，您的账户已经被锁定。您需要设置新的识别码再进行注册"
error_deregistration_user_lockout_with_system_authenticator,"For security reasons, you were locked out.\n\nUnlock your authentication method in the phone System Settings.","Aus Sicherheitsgründen wurden Sie ausgesperrt.\n\nUm Ihren Authentifikator zu entsperren, gehen Sie bitte zu den Systemeinstellungen.","Pour des raisons de sécurité, son authentificateur a été bloqué.\n\nPour déverrouiller votre méthode d'authentification, rendez-vous dans les préférences du système.","Per ragioni di sicurezza, il suo autenticatore è stato bloccato.\n\nPer sbloccare il vostro autenticatore andate nelle Impostazioni di sistema.","出于安全考虑，您的账户已经被锁定\n\n请到系统设置中解锁验证人"
error_deregistration_networking,"Your phone is experiencing network issues.\nTry again later.","Es treten Netzwerkprobleme auf. Bitte versuchen Sie es später erneut, wenn Sie eine bessere Netzverbindung haben.","Vous avez des problèmes de réseau. Veuillez essayer à nouveau lorsque vous aurez une meilleure connexion.","Ci sono problemi di rete. Per favore riprova più tardi quando la connessione dati sarà migliore.","您的手机存在网络问题\n请在网络畅通时重新尝试"
error_deregistration_untrusted_facet_id,"Error validating the facet ID of the server. Please contact support.","Bei der Überprüfung der Facet ID ist ein Fehler aufgetreten. Bitte kontaktieren Sie Support sollte das Problem bestehen.","Erreur de validation de la facet ID du serveur. Veuillez contacter le support si le problème persiste.","Errore nella convalida del facet ID del server. Contattare il supporto se il problema persiste.","Error validating the facet ID of the server. Contact support if the problem persists."
error_deregistration_generic,"A technical error occurred, try again","Ein technischer Fehler ist aufgetreten.\nBitte versuchen Sie es erneut.","Une erreur technique est survenue.\nVeuillez réessayer.","Si è verificato un errore tecnico.\nPer favore prova di nuovo.","出现技术问题\n请重新尝试"
confirm_deletion_after_user_canceled_authentication,"You have canceled authentication. It is recommended to authenticate before removing the account.\n\nDo you want to remove the account in this device?","Sie haben die Authentisierung abgebrochen. Es wird empfohlen, sich vor der Entfernung des Kontos zu authentifizieren.\n\nMöchten Sie das Konto in diesem Gerät entfernen?","Vous avez annulé l'authentification. Il est recommandé de s'authentifier avant de supprimer le compte.\n\nVoulez-vous supprimer le compte dans cet appareil?","Hai annullato l'autenticazione. Si consiglia di autenticarsi prima di rimuovere l'account.\n\nVolete rimuovere l'account in questo dispositivo?","You have canceled authentication. It is recommended to authenticate before removing the account.\n\nDo you want to remove the account in this device?"
confirm_deletion_after_no_suitable_authenticator,"Your selected authentication method is no longer accepted. This is most likely because it was removed from your online profile.\n\nDo you want to remove the account in this device?","Ihre gewählte Authentisierungsmethode wird nicht mehr akzeptiert. Dies liegt höchstwahrscheinlich daran, dass es aus Ihrem Online-Profil entfernt wurde.\n\nMöchten Sie das Konto in diesem Gerät entfernen?","La méthode d'authentification que vous avez choisie n'est plus acceptée. Cela est très probablement dû au fait qu'elle a été supprimée de votre profil en ligne.\n\nVoulez-vous supprimer le compte dans cet appareil?","L'opzione di autenticazione selezionata non è più accettata. Questo è molto probabilmente dovuto al fatto che è stata rimossa dal vostro profilo online.\n\nVolete rimuovere l'account in questo dispositivo?","Your selected authentication method is no longer accepted. This is most likely because it was removed from your online profile.\n\nDo you want to remove the account in this device?"
confirm_deletion_after_generic_authentication_error,"There was an error authenticating. It is recommended to authenticate before removing the account.\n\nDo you want to remove the account in this device?","Es gab einen Fehler bei der Authentifizierung. Es wird empfohlen, sich vor der Entfernung des Kontos zu authentifizieren.\n\nMöchten Sie das Konto in diesem Gerät entfernen?","Il y a eu une erreur d'authentification. Il est recommandé de s'authentifier avant de supprimer le compte.\n\nVoulez-vous supprimer le compte dans cet appareil?","C'è stato un errore di autenticazione. Si consiglia di autenticarsi prima di rimuovere l'account.\n\nVolete rimuovere l'account in questo dispositivo?","There was an error authenticating. It is recommended to authenticate before removing the account.\n\nDo you want to remove the account in this device?"
confirm_deletion_after_generic_deregistration_error,"An unexpected error occurred removing the account in the server.\n\nDo you want to remove the account in this device?","Beim Entfernen des Kontos auf dem Server ist ein unerwarteter Fehler aufgetreten.\n\nMöchten Sie das Konto in diesem Gerät entfernen?","Une erreur inattendue s'est produite lors de la suppression du compte dans le serveur.\n\nVoulez-vous supprimer le compte dans cet appareil?","Si è verificato un errore inaspettato nella rimozione dell'account nel server.\n\nVolete rimuovere l'account in questo dispositivo?","An unexpected error occurred removing the account in the server.\n\nDo you want to remove the account in this device?"
account_selection_screen_title,"Account Selection","Wählen Sie ein Konto","Sélectionnez un compte","Seleziona un account","Select an Account"
account_selection_screen_description,"Select an account","Bitte wählen Sie das Konto, mit dem Sie fortfahren möchten","Veuillez sélectionner le compte que vous souhaitez utiliser","Seleziona l'account con cui vuoi procedere","Please select the account you want to proceed with"
account_first_account_description,"Primary account","Hauptkonto","Compte principal","Conto principale","Principal account"
account_second_account_description,"Secondary account","Zweites Konto","Compte secondaire","Conto secondario","Secondary account"
account_other_account_description,"Account %1$d","Konto %1$d","Compte %1$d","Conto %1$d","Account %1$d"
account_naming_screen_title,"Account Name","Benennen Sie das Konto","Nommez le compte","Denominare l'account","Name Account"
account_naming_screen_done_button,"Done","Fertig","Terminé","Finito","Done"
account_naming_screen_description,"Name your account","Bitte benennen Sie Ihr Konto","Veuillez nommer votre compte","Per favore, dai un nome al tuo conto","Please name your account"
account_naming_screen_error_no_description_provided,"No account name provided","Keine Kontobezeichnung angegeben","Pas de nom de compte fourni","Nessun nome di conto fornito","No account name provided"
account_naming_screen_error_description_already_exists,"This account name already exists","Diese Kontobezeichnung existiert bereits","Ce nom de compte existe déjà","Questo nome di account esiste già","This account name already exists"
account_screen_title,"Account","Konto","Compte","Account","Account"
account_screen_section_name_header,"Name","Name","Nom","Nome","Name"
account_screen_section_username_header,"Technical ID","Technischer Identifikator","Identifiant technique","Identificatore tecnico","Technical ID"
account_screen_section_authenticators_header,"Authentication Methods","Authentifikationsmethoden","Méthodes d'authentification","Metodi di autenticazione","Authentication Methods"
account_screen_change_pin_button,"Change PIN","PIN ändern","Changer de code PIN","Cambiare il PIN","更换识别码"
account_screen_remove_button,"Remove Account","Konto Entfernen","Supprimer le Compte","Rimuovi Account","Remove Account"
account_screen_deregister_alert_remove,"Remove","Entfernen","Supprimer","Rimuovi","Remove"
account_screen_deregister_alert_cancel,"Cancel","Abbrechen","Annuler","Annulla","取消"
device_naming_screen_title,"Device","Gerät","Dispositif","Dispositivo","器材"
device_naming_screen_name,"Name","Name","Nom","Nome","Name"
device_naming_screen_error_no_device_name_provided,"No device name provided.","Kein Gerätename angegeben.","Aucun nom de dispositif n'est fourni.","Non è stato fornito il nome del dispositivo.","没有提供设备名称"
device_naming_screen_error_device_name_already_exists,"The provided device name is already being used to identify another device, choose a different name.","Der angegebene Gerätename wird bereits zur Identifizierung eines anderen Geräts verwendet, wählen Sie einen anderen Namen.","Le nom de l'appareil fourni est déjà utilisé pour identifier un autre appareil, choisissez un autre nom.","Il nome del dispositivo fornito viene già utilizzato per identificare un altro dispositivo, scegliere un nome diverso.","提供的设备名称已经被用于识别另一个设备，请选择一个不同的名称"
device_naming_screen_error_dispatch_target_not_found,"The device was not found in the backend, it was probably removed.","Das Gerät wurde im Backend nicht gefunden, wahrscheinlich wurde es entfernt.","Le dispositif n'a pas été trouvé dans le backend, il a probablement été supprimé.","Il dispositivo non è stato trovato nel backend, probabilmente è stato rimosso.","在后台没有找到该设备，它可能被删除了"
device_naming_screen_error_networking,"Your phone is experiencing network issues.\nPlease try again later when you have better data connectivity.","Ihr Telefon hat Netzwerkprobleme.\nBitte versuchen Sie es später erneut, wenn Sie eine bessere Datenverbindung haben.","Votre téléphone rencontre des problèmes de réseau. Veuillez réessayer ultérieurement lorsque vous disposerez d'une meilleure connexion de données.","Il telefono ha problemi di rete.\nSi prega di riprovare più tardi quando la connettività dati è migliore.","您的手机遇到了网络问题。请稍后在你有更好的数据连接时再试。"
device_naming_screen_error_signing,"Error signing the device name update request.","Fehler beim Signieren der Anforderung zur Aktualisierung des Gerätenamens.","Erreur de signature de la demande de mise à jour du nom du périphérique.","Errore nella firma della richiesta di aggiornamento del nome del dispositivo.","签署设备名称更新请求出错。"
authenticator_is_not_policy_compliant,"This authentication method cannot be used with your application","Dieser Authentifikator kann nicht mit Ihrer Anwendung verwendet werden.","Cet authentificateur ne peut pas être utilisé avec votre application.","Questo autenticatore non può essere utilizzato con la vostra applicazione.","This authentication method be used with your application."
fingerprint_authenticator_not_enrolled,"Before using the fingerprint authentication method, enroll your fingerprint in the phone System Settings","Ihr Fingerabdruck muss in den Systemeinstellungen hinterlegt sein bevor Sie sich mit Fingerabdruck authentisieren können.","Avant d'utiliser l'authentificateur d'empreintes digitales, vous devez définir votre empreinte digitale dans les préférences du système.","Prima di utilizzare il fingerprint authenticator, è necessario impostare la propria impronta digitale nelle impostazioni di sistema.","Before using the fingerprint authenticator, you must define your fingerprint in the System Settings."
face_recognition_authenticator_not_enrolled,"Before using face recognition, you must register it in the System Settings","Ihr Gesichtsausdruck muss in den Systemeinstellungen hinterlegt sein bevor Sie sich mit Gesichtsausdruck authentisieren können.","Avant de l'utiliser, vous devez enregistrer votre visage dans les paramètres du système.","Prima di usarlo, devi iscrivere il tuo viso nelle Impostazioni di sistema.","Before using, you must enroll your face in the System Settings."
select_pin_authenticator_description,"This authentication method is less secure","Diese Anmeldungsmethode ist weniger sicher.","Cette méthode de connexion est moins sûre.","Questo metodo di login è meno sicuro.","这种登录方式安全级别较低"
select_fingerprint_authenticator_description,"We recommend fingerprint authentication as a login method. Make sure you have at least one fingerprint registered in your phone Settings.","Wir empfehlen die Authentifizierung per Fingerabdruck als Login-Methode. Bitte stellen Sie sicher, dass Sie mindestens einen Fingerabdruck in Ihren Einstellungen registriert haben.","Nous recommandons l'authentification par les empreintes digitales comme méthode de connexion. Veuillez vous assurer que vous avez au moins une empreinte digitale enregistrée dans vos paramètres.","Si consiglia l'autenticazione tramite impronta digitale come metodo di login. Assicuratevi di avere almeno un'impronta digitale registrata nelle vostre impostazioni.","我们建议使用指纹验证作为登陆方式。请您确认在设置中注册至少一个指纹"
select_face_authenticator_description,"We recommend Face authentication as login method. Please make sure you have at least one face registered in your settings.","Wir empfehlen die Authentifizierung per Gesichtserkennung als Login-Methode. Bitte stellen Sie sicher, dass Sie mindestens ein Gesicht in Ihren Einstellungen registriert haben.","Nous recommandons l'authentification par réconnaissance faciale comme méthode de connexion. Veuillez vous assurer que vous avez au moins un visage enregistrée dans vos paramètres.","Si consiglia l'autenticazione tramite riconoscimento facciale come metodo di login. Assicuratevi di avere almeno una faccia registrata nelle vostre impostazioni.","We recommend Face authentication as login method. Please make sure you have at least one face registered in your settings."
inter_app_link_automatic_redirect_with_countdown,"You will return to the previous application. Press the button to continue now.","Die App führt Sie in einem Moment zum nächsten Bildschirm. Drücken Sie die Taste , um jetzt fortzufahren.","L'application vous amènera à l'écran suivant dans un instant. Appuyez sur le bouton pour continuer maintenant.","L'applicazione ti porterà alla schermata successiva in un momento. Premi il pulsante per continuare ora.","该应用程序将在一会儿带你到下一个屏幕。现在就按下按钮继续。"
inter_app_link_redirect_without_countdown,"You will return to the previous application. Press the button to continue.","Die App führt Sie zum nächsten Bildschirm. Drücken Sie die Taste , um fortzufahren.","L'application vous amènera à l'écran suivant. Appuyez sur le bouton pour continuer.","L'applicazione ti porterà alla schermata successiva. Premi il pulsante per continuare.","该应用程序将带你到下一个屏幕。按下按钮，继续。"
error_invalid_oob_payload,"Invalid content received","Ungültiger Inhalt empfangen.","Contenu invalide reçu.","Contenuto non valido ricevuto.","收到无效内容"



scanner_screen_access_denied_close,"Close","Schliessen","Fermer","Chiudi","关闭"
scanner_screen_decoding_error_close,"Close","Schliessen","Fermer","Chiudi","关闭"
legacy_login_screen_cancel,"Cancel","Abbrechen","Annuler","Annulla","取消"
legacy_login_screen_success_message,"Authentication successful","Sie wurden erfolgreich authentifiziert.","Vous avez été authentifié avec succès.","Autenticazione avvenuta con successo.","您已被验证成功"
legacy_login_screen_error_wrong_credentials,"Wrong credentials","Anmeldedaten fehlerhaft","Identifiants invalides","Credenziali errate","错误凭证"
authenticator_selection_screen_info,"Select authentication method","Gewünschte Authentisierungsmethode auswählen","Sélectionnez la méthode d'authentification désirée","Seleziona il metodo di autenticazione desiderato.","选择您希望使用的验证方式"
registration_screen_info,"Enter your credentials to start the registration","Geben Sie Ihre Zugangsdaten ein, um mit der Registrierung zu beginnen.","Entrez vos identifiants pour vous enregistrer.","Inserisci le tue credenziali per registrarti.","请输入您的凭证来开始注册"
registration_screen_register,"Register","Registrieren","S'enregistrer","Registra","注册"
pin_enrollment_screen_error_wrong_pin,"Wrong PIN entered","PIN falsch","Mauvais PIN entré","Il PIN inserito è errato","识别码不正确"
settings_screen_section_actions_footer,"Resetting data erases all registrations and custom settings","Das Zurücksetzen von Daten löscht jede Registrierung oder benutzerdefinierte Einstellung.","La réinitialisation des données efface tout enregistrement ou réglage personnalisé.","Il ripristino dei dati cancella qualsiasi registrazione o impostazione personalizzata.","重置数据将删除所有的注册以及个人设置"
account_screen_pin_authenticator_error_alert_closebutton,"Close","Schliessen","Fermer","Chiudi","关闭"
error_screen_user_lockout_title,"Access Blocked","Zugriff blockiert","Accès verrouillé","Accesso bloccato","您的访问已被限"
outdated_app_screen_description,"Update to the latest version to continue","Um fortfahren zu können müssen Sie auf die neuste Version aktualisieren!","Afin de poursuivre, veuillez télécharger la dernière version!","È necessario aggiornare l'applicazione per poter proseguire!","请升级到最新版本进行使用！"
outdated_app_screen_update,"Update in the App Store","Aktualisierung im App Store","Mettre à jour dans l’App Store","Aggiornamento disponibile su App Store.","到软件商店进行更新"
permission_screen_authenticator_not_enrolled_action_title,"Go to Settings","Zu den Einstellungen gehen","Aller aux préférences","Vai alle impostazioni","前往设置"
permission_screen_authenticator_not_enrolled_title,"Authentication Method Not Configured","Authentisierungsmethode nicht konfiguriert","Méthode d'authentification non activée.","Metodo di autenticazione non attivato.","没有配置验证方式"
permission_screen_authenticator_not_enrolled_message,"Configure selected biometric authentication method in the phone System Settings","Ihre gewählte Authentisierungsmethode ist nicht eingestellt. Bitte konfigurieren Sie diese in den Systemeinstellungen.","La méthode d'authentification choisie n'est pas configurée. Veuillez l'activez dans les réglages système.","Per favore vai alle impostazioni e attiva l'autenticazione biometrica.","您选择的验证方式还没有设置，请在系统设置中设置"
push_notifications_no_available_token,"Enable push notifications for the application in the System Settings","Die App kann keine Push-Benachrichtigungen empfangen. Wir empfehlen, für einen komfortableren Authentifizierungsprozess Push-Benachrichtigungen für die App in den Systemeinstellungen zu aktivieren.","L'application ne peut pas recevoir de notifications push. Nous vous recommandons d'activer les notifications push pour l'application dans les préférences du système afin de faciliter le processus d'authentification.","L'app non può ricevere notifiche push. Si consiglia di abilitare le notifiche push per l'app nelle impostazioni di sistema per un processo di autenticazione più conveniente.","应用当前无法接收推送消息，我们建议您在系统设置中允许此应用接收推送消息，这样验证流程会变得更为方便"
push_screen_access_denied_title,"Notifications Disabled","Zugriff auf Benachrichtigungen verweigert","Accès aux notifications refusé","Accesso alle notifiche negato","未开启推送消息接收权限"
push_screen_access_denied_description,"Enable push notifications for the application in the System Settings","Für eine komfortablere Benutzererfahrung während der Authentifizierung empfehlen wir, Push-Benachrichtigungen zu akzeptieren. Wenn Sie Push-Benachrichtigungen ablehnen, müssen Sie stattdessen QR-Codes scannen.","Pour une expérience plus confortable de l'utilisateur lors de l'authentification, nous vous recommandons d'accepter les notifications push. Si vous refusez les notifications push, vous devrez scanner les codes QR.","Per un'esperienza utente più comoda durante l'autenticazione, si consiglia di accettare le notifiche push. Rifiutando le notifiche push, sarà necessario scansionare i QR-codici.","为了更好的使用体验，我们建议您允许应用接收推送消息，否则您将只能使用二维码扫描的方式进行验证"
push_screen_access_denied_settings,"Open System Settings","Systemeinstellungen öffnen","Ouvrir les préférences système","Aprire le impostazioni di sistema","打开系统设置"
push_confirmation_to_process_title,"Received message","Nachricht empfangen","Message reçu","Messaggio ricevuto","收到的信息"
push_confirmation_to_process_confirm,"Continue","Fortfahren","Continuer","Continua","继续"
push_confirmation_to_process_postpone,"Postpone","Zurückstellen","Ajourner","Rimandare","推迟"
error_registration_user_not_enrolled,"Set a PIN or register a biometric authentication method","Bitte definieren Sie eine PIN oder registrieren Sie zuerst Ihren Fingerabdruck oder Ihr Gesicht.","Veuillez définir un PIN ou enregistrer votre empreinte digitale ou visage d'abord.","Per favore imposta un PIN o registra la tua impronta digitale.","请先设置识别码、指纹或面部识别"
error_registration_critical,"A technical error occurred.\nPlease contact support.","Ein technischer Fehler ist aufgetreten.\nBitte kontaktieren Sie den Support.","Une erreur technique est survenue.\nVeuillez contacter le support.","Si è verificato un errore tecnico.\nPer favore chiama il supporto.","出现技术问题\n请联系客服"
error_authentication_user_denied_app_pin,"The PIN authentication method is no longer accepted. This is most likely because passcode protection was removed from your device, please re-enable it through the system settings.","Die PIN-Authentifizierungsmethode wird nicht mehr akzeptiert. Dies liegt höchstwahrscheinlich daran, dass der Passcode-Schutz von Ihrem Gerät entfernt wurde. Bitte aktivieren Sie ihn wieder über die Systemeinstellungen.","La méthode d'authentification par code PIN n'est plus acceptée. Cela est probablement dû au fait que la protection par code secret a été supprimée de votre appareil. Veuillez la réactiver dans les paramètres du système.","Il metodo di autenticazione PIN non è più accettato. Questo è molto probabile perché la protezione del codice di accesso è stata rimossa dal tuo dispositivo, riabilitala attraverso le impostazioni di sistema.","The PIN authentication method is no longer accepted. This is most likely because passcode protection was removed from your device, please re-enable it through the system settings."
error_authentication_user_denied_faceRecognition,"The Face ID authentication method is no longer accepted. This is most likely because Face ID authentication was removed from your device or access was revoked for the app. Please re-enable it through the system settings.","Die Authentifizierungsmethode Face ID wird nicht mehr akzeptiert. Dies liegt höchstwahrscheinlich daran, dass die Face ID-Authentifizierung von Ihrem Gerät entfernt wurde oder der Zugriff für die App gesperrt wurde. Bitte aktivieren Sie sie wieder über die Systemeinstellungen.","La méthode d'authentification Face ID n'est plus acceptée. Cela est très probablement dû au fait que l'authentification Face ID a été supprimée de votre appareil ou que l'accès a été révoqué pour l'application. Veuillez la réactiver dans les paramètres du système.","Il metodo di autenticazione Face ID non è più accettato. Molto probabilmente ciò è dovuto al fatto che l'autenticazione con Face ID è stata rimossa dal tuo dispositivo o che l'accesso all'app è stato revocato. Si prega di riattivarla attraverso le impostazioni di sistema.","The Face ID authentication method is no longer accepted. This is most likely because Face ID authentication was removed from your device or access was revoked for the app. Please re-enable it through the system settings."
error_authentication_user_denied_fingerprint,"The Touch ID authentication method is no longer accepted. This is most likely because Touch ID was removed from your device, please re-enable it through the system settings.","Die Authentifizierungsmethode Touch ID wird nicht mehr akzeptiert. Dies liegt höchstwahrscheinlich daran, dass Touch ID von Ihrem Gerät entfernt wurde. Bitte aktivieren Sie es wieder über die Systemeinstellungen.","La méthode d'authentification Touch ID n'est plus acceptée. Cela est probablement dû au fait que Touch ID a été supprimé de votre appareil. Veuillez le réactiver dans les paramètres du système.","Il metodo di autenticazione Touch ID non è più accettato. Questo è molto probabile perché Touch ID è stato rimosso dal tuo dispositivo, riabilitalo attraverso le impostazioni di sistema.","The Touch ID authentication method is no longer accepted. This is most likely because Touch ID was removed from your device, please re-enable it through the system settings."
error_authentication_user_not_enrolled,"Set a PIN or register a biometric authentication method","Bitte geben Sie eine PIN ein oder registrieren Sie zuerst Ihren Fingerabdruck oder Ihr Gesicht.","Veuillez définir un PIN et enregistrer votre empreinte digitale d'abord.","Per favore imposta un PIN o registra la tua impronta digitale.","请先设置识别码、指纹或面部识别"
error_authentication_critical,"A technical error occurred.\nPlease contact support.","Ein technischer Fehler ist aufgetreten.\nBitte kontaktieren Sie den Support.","Une erreur technique est survenue.\nVeuillez contacter le support.","Si è verificato un errore tecnico.\nPer favore chiama il supporto.","出现技术问题\n请联系客服"
error_deregistration_user_not_enrolled,"Set a PIN or register a biometric authentication method","Bitte geben Sie eine PIN ein oder registrieren Sie zuerst Ihren Fingerabdruck oder Ihr Gesicht.","Veuillez définir un PIN et enregistrer votre empreinte digitale d'abord.","Per favore imposta un PIN o registra la tua impronta digitale.","请先设置识别码、指纹或面部识别"
error_deregistration_critical,"A technical error occurred.\nPlease contact support.","Ein technischer Fehler ist aufgetreten.\nBitte kontaktieren Sie den Support.","Une erreur technique est survenue.\nVeuillez contacter le support.","Si è verificato un errore tecnico.\nPer favore chiama il supporto.","出现技术问题\n请联系客服"
account_naming_screen_account_field_placeholder,"Account Name","Name des Kontos","Nom du Compte","Nome dell'Account","Account Name"
account_naming_screen_rename_title,"Rename Account","Konto Umbennenen","Renommer Compte","Rinominare l'Account","Rename Account"
account_screen_rename_button,"Rename","Umbenennen","Renommer","Rinominare","Rename"
account_screen_deregister_alert_message_ios,"Do you want to remove the account named %@?","Möchten Sie das Konto mit dem Namen %@ entfernen?","Voulez-vous supprimer le compte nommé %@?","Vuoi rimuovere l'account chiamato %@?","Do you want to remove the account named %@?"
error_dispatch_target_missing_key,"Your registration has been deleted because device protection was modified. Please contact support.","Ihre Registrierung wurde gelöscht, weil der Geräteschutz geändert wurde. Um die Anwendung wieder verwenden zu können, wenden Sie sich bitte an den Support.","Votre enregistrement a été supprimé car la protection de l'appareil a été modifiée. Pour pouvoir utiliser à nouveau l'application, veuillez contacter le service d'assistance.","La vostra registrazione è stata cancellata perché la protezione del dispositivo è stata modificata. Per poter utilizzare nuovamente l'applicazione si prega di contattare il supporto.","您的注册已被删除，因为设备保护被修改。为了能够再次使用该应用程序，请联系支持。"
error_common_networking,"Your phone is experiencing network issues.\nTry again later.","Es treten Netzwerkprobleme auf. Bitte versuchen Sie es später erneut, wenn Sie eine bessere Netzverbindung haben.","Vous avez des problèmes de réseau. Veuillez essayer à nouveau lorsque vous aurez une meilleure connexion.","Ci sono problemi di rete. Per favore riprova più tardi quando la connessione dati sarà migliore.","您的手机存在网络问题\n请在网络畅通时重新尝试"
error_common_critical,"A technical error occurred.\nPlease contact support.","Ein technischer Fehler ist aufgetreten.\nBitte kontaktieren Sie den Support.","Une erreur technique est survenue.\nVeuillez contacter le support.","Si è verificato un errore tecnico.\nPer favore chiama il supporto.","出现技术问题\n请联系客服"
error_common_generic,"A technical error occurred, try again","Ein technischer Fehler ist aufgetreten.\nBitte versuchen Sie es erneut.","Une erreur technique est survenue.\nVeuillez réessayer.","Si è verificato un errore tecnico.\nPer favore prova di nuovo.","出现技术问题\n请重新尝试"
inter_app_link_back_to_app_description,"You can now close the application and continue","Sie können die App jetzt schließen und fortfahren.","Vous pouvez maintenant fermer l'application et continuer.","Ora è possibile chiudere l'applicazione e continuare.","现在您可以关闭应用程序并继续。"
error_sdk_init_protection_title,"Device protection error","Fehler beim Geräteschutz","Erreur de protection de l'appareil","Errore di protezione del dispositivo","设备保护错误"
error_sdk_init_no_passcode_description,"For security reasons the application requires the device passcode to be set.\nEnable it in the System Settings.","Aus Sicherheitsgründen verlangt die Anwendung, dass der Gerätepasscode eingestellt wird.\nBitte aktivieren Sie ihn in den Systemeinstellungen.","Pour des raisons de sécurité, l'application exige que le code d'accès de l'appareil soit défini. Veuillez l'activer dans les paramètres système.","Per ragioni di sicurezza l'applicazione richiede l'impostazione del codice di accesso al dispositivo.","出于安全原因，应用程序需要设置设备密码，请在系统设置中启用。"
error_sdk_init_no_passcode_settings_button,"Open System Settings","Systemeinstellungen öffnen","Ouvrir les préférences systèmes","Apri le impostazioni di sistema","打开系统设置"
error_sdk_init_device_protection_description,"This device is not supported by the application for security reasons","Dieses Gerät wird von der Anwendung aus Sicherheitsgründen nicht unterstützt.","Ce dispositif n'est pas pris en charge par l'application pour des raisons de sécurité.","Questo dispositivo non è supportato dall'applicazione per motivi di sicurezza.","出于安全原因，应用程序不支持这个设备。"
NSCameraUsageDescription,"Enable the camera to scan the QR code","Aktivieren Sie die Kamera, um den QR-Code zu scannen.","Activez l'appareil photo pour scanner le code QR.","Abilita la fotocamera per scansionare il codice QR.","允许使用相机进行二维码扫描"
NSFaceIDUsageDescription,"Enable Face ID to register","Das Aktivieren der Face ID ermöglicht die Verwendung des FIDO Face Recognition Authenticators.","Utilisez Face ID afin de pouvoir vous authentifier","Abilitando il Face ID potrai utilizzare l'autenticazione FIDO Face Recognition.","允许面部识别来进行注册"
application_pin_authenticator_title,"PIN","PIN","PIN","PIN","识别码"
application_pin_authenticator_description,"Authentication using a PIN","Authentifizierung mit einer PIN","Authentification à l'aide d'un code PIN","Autenticazione tramite PIN","使用识别码验证"
application_pin_authenticator_enroll_user_action,"Set a PIN","Eine PIN festlegen","Définir un code PIN","Impostare un PIN","设置识别码"
application_pin_authenticator_change_credential_action,"Change PIN","PIN ändern","Changer de code PIN","Cambiare il PIN","更换识别码"
fingerprint_authenticator_title,"Touch ID","Touch ID","Touch ID","Touch ID","指纹识别"
fingerprint_authenticator_description,"Authentication based on Touch ID","Authentifizierung basierend auf Touch ID","Authentification basée sur le Touch ID","Autenticazione basata su Touch ID","基于指纹识别验证"
face_recognition_authenticator_title,"Face ID","Face ID","Face ID","Face ID","面部识别"
face_recognition_authenticator_description,"Authentication based on Face ID","Authentifizierung basierend auf Face ID","Authentification basée sur le Face ID","Autenticazione basata su Face ID","基于面部识别验证"
device_passcode_authenticator_title,"Passcode Authenticator","Passcode Authenticator","Passcode Authenticator","Passcode Authenticator","密码验证"
device_passcode_authenticator_description,"Authentication Method based on the device passcode","An authenticator based on the device passcode used to authenticate to a NEVIS relying party server.","An authenticator based on the device passcode used to authenticate to a NEVIS relying party server.","An authenticator based on the device passcode used to authenticate to a NEVIS relying party server.","一个基于设备密码的验证人，用于验证NEVIS依赖服务器"
fingerprint_authenticator_register_operation_prompt_message,"Provide your fingerprint to register for Mobile Authentication","Registrieren Sie sich mit Ihrem Fingerabdruck für die mobile Authentifizierung","Utilisez votre empreinte digitale pour vous inscrire à l'authentification mobile","Usa la tua impronta digitale per registrarti per l'autenticazione mobile","请提供您的指纹来注册手机验证"
face_recognition_authenticator_register_operation_prompt_message,"Use Face ID to register for Mobile Authentication","Face ID zur Registrierung für die mobile Authentifizierung verwenden","Utiliser l'identification faciale pour s'inscrire à l'authentification mobile","Utilizzare Face ID per registrarsi per l'autenticazione mobile","使用面部识别来注册手机验证"
fingerprint_authenticator_authenticate_operation_prompt_message,"Authenticate with fingerprint","Authentifizieren Sie sich mit Ihrem Fingerabdruck","Authentifiez-vous avec votre empreinte digitale","Autenticare con le impronte digitali","使用您的指纹验证"
face_recognition_authenticator_authenticate_operation_prompt_message,"Authenticate with Face ID","Authentifizierung mit Face ID","S'authentifier à l'aide de l'identification faciale","Autenticazione tramite Face ID","使用面部识别验证"
unknown_authenticator_title,"Unknown Authenticator","Unknown Authenticator","Unknown Authenticator","Unknown Authenticator","无效验证人"
unknown_authenticator_description,"","de ","fr ","it ",""
face_recognition_verification_screen_title,"Verification","Verifizierung","Vérification","Verifica","Verification"
pin_protection_status_description_previous_error_retries_without_cooldown_ios,"An invalid PIN was previously provided. You have %d tries left.","Es wurde zuvor eine ungültige PIN eingegeben. Sie haben noch %d Versuche übrig.","Un code PIN invalide a été fourni précédemment. Il vous reste %d essais.","In precedenza è stato fornito un PIN non valido. Avete %d tentativi rimasti.","An invalid PIN was previously provided. You have %d tries left."
pin_protection_status_description_retries_without_cooldown_ios,"Invalid PIN. You have %d tries left.","Ungültige PIN. Sie haben noch %d Versuche übrig.","PIN non valide. Il vous reste %d essais.","PIN non valido. Sono rimasti %d tentativi.","无效识别码。您还可以尝试%d次"
pin_protection_status_description_previous_error_retries_with_cooldown_ios,"An invalid PIN was previously provided. You have %d tries left.\nYou can retry in %.0f seconds.","Es wurde zuvor eine ungültige PIN eingegeben. Sie haben noch %d Versuche übrig.\nBitte versuchen Sie es in %.0f Sekunden erneut.","Un code PIN invalide a été fourni précédemment. Il vous reste %d essais.\nVeuillez réessayer dans %.0f secondes.","In precedenza è stato fornito un PIN non valido. Avete %d tentativi rimasti.\nProvare di nuovo in %.0f secondi.","An invalid PIN was previously provided. You have %d tries left.\nPlease retry in %.0f seconds."
pin_protection_status_description_retries_with_cooldown_ios,"Invalid PIN. You have %d tries left.\nYou can retry in %.0f seconds.","Ungültige PIN. Sie haben %d Versuche übrig.\nBitte versuchen Sie es in %.0f Sekunden erneut.","PIN non valide. Il vous reste %d essais.\nVeuillez réessayer dans %.0f secondes.","PIN non valido. Avete %d tentativi rimasti.\nProvare di nuovo in %.0f secondi.","无效识别码。您还可以尝试%d次\n请在%.0f秒之后再试"
pin_protection_status_description_previous_error_last_retry_with_cooldown_ios,"An invalid PIN was previously provided. This is your last try.\nYou can retry in %.0f seconds.\nAfter that your PIN will be blocked.","Es wurde zuvor eine ungültige PIN eingegeben. Sie haben noch 1 Versuch übrig.\nBitte versuchen Sie es in %.0f Sekunden erneut.\nDanach wird Ihre PIN gesperrt.","Un code PIN invalide a été fourni précédemment. Il vous reste 1 essai.\nVeuillez réessayer dans %.0f seconds.\nAprès cela, votre code PIN sera bloqué.","In precedenza è stato fornito un PIN non valido. Le rimane 1 tentativo.\nProvare nuovamente in %.0f secondi.\nDopo di che il suo PIN sarà bloccato.","An invalid PIN was previously provided. You have 1 try left.\nPlease retry in %.0f seconds.\nAfter that your PIN will be blocked."
pin_protection_status_description_last_retry_with_cooldown_ios,"Invalid PIN. You have 1 try left.\nYou can retry in %.0f seconds.\nAfter that your PIN will be blocked.","Ungültige PIN. Sie haben noch 1 Versuch übrig.\nBitte versuchen Sie es in %.0f Sekunden erneut.\nDanach wird Ihre PIN gesperrt.","PIN non valide. Il vous reste 1 essai.\nVeuillez réessayer dans %.0f seconds.\nAprès cela, votre code PIN sera bloqué.","PIN non valido. Le rimane 1 tentativo.\nProvare nuovamente in %.0f secondi.\nDopo di che il suo PIN sarà bloccato.","无效识别码。您还可以尝试1次\n请在%.0f秒之后再试\n此后您的识别码将被锁定"


pin_change_screen_pin_alert_message,"New PIN has been saved","Ihre neue PIN wurde gespeichert","Votre nouveau code PIN a été enregistré.","Il tuo nuovo PIN è stato salvato","Your new PIN has been saved"
success_screen_action_with_countdown_title,"Continue (%1$d)","Weiter (%1$d)","Démarrer (%1$d)","Avanti (%1$d)","继续 (%1$d)"
success_screen_deregistration_authenticator_message,"Your authentication method has been removed","Ihre Authentifizierungsmethode wurde entfernt.","Votre méthode d'authentification a été supprimée.","Il tuo metodo di autenticazione è stato rimosso.","Your authentication method has been removed."
error_screen_registration_cancelled_title,"Registration Cancelled","Registrierung abgebrochen","Enregistrement annulé","Registrazione annullata","Registration Cancelled"
error_screen_authentication_cancelled_title,"Authentication Cancelled","Authentifizierung abgebrochen","Authentification annulée","Autenticazione annullata","Authentication Cancelled"
error_registration_face_not_enrolled,"Before using the face authentication method, you must enroll your face in the System Settings.","Ihr Gesicht muss in den Systemeinstellungen hinterlegt sein bevor Sie sich mit Gesichtserkennung authentisieren können.","Avant d'utiliser la réconnaissance faciale, vous devez définir votre visage dans les préférences du système.","Prima di utilizzare il riconoscimento facciale, è necessario impostare la propria faccia nelle impostazioni di sistema.","Before using the face authentication method, you must enroll your face in the System Settings."
error_registration_iris_not_enrolled,"Before using the iris authentication method, you must enroll your iris in the System Settings.","Ihr Iris muss in den Systemeinstellungen hinterlegt sein bevor Sie sich mit Iriserkennung authentisieren können.","Avant d'utiliser le scanner d'iris, vous devez définir votre iris dans les préférences du système.","Prima di utilizzare il lettore d'iris, è necessario impostare il proprio iris nelle impostazioni di sistema.","Before using the iris authentication method, you must enroll your iris in the System Settings."
error_registration_biometric_not_enrolled,"Before using the %1$s authentication method, you must enroll your %1$s in the System Settings.","Ihr %1$s muss in den Systemeinstellungen hinterlegt sein bevor Sie sich mit %1$s authentisieren können.","Avant d'utiliser la méthode d'authentification %1$s, vous devez définir votre %1$s dans les préférences du système.","Prima di utilizzare il %1$s, è necessario impostare la propria %1$s nelle impostazioni di sistema.","Before using the %1$s authentication method, you must enroll your %1$s in the System Settings."
error_authentication_face_not_enrolled,"Before using the face authentication method, you must enroll your face in the System Settings.","Ihr Gesicht muss in den Systemeinstellungen hinterlegt sein bevor Sie sich mit Gesichtserkennung authentisieren können.","Avant d'utiliser la réconnaissance faciale, vous devez définir votre visage dans les préférences du système.","Prima di utilizzare il riconoscimento facciale, è necessario impostare la propria faccia nelle impostazioni di sistema.","Before using the face authentication method, you must enroll your face in the System Settings."
error_authentication_iris_not_enrolled,"Before using the iris authentication method, you must enroll your iris in the System Settings.","Ihr Iris muss in den Systemeinstellungen hinterlegt sein bevor Sie sich mit Iriserkennung authentisieren können.","Avant d'utiliser le scanner d'iris, vous devez définir votre iris dans les préférences du système.","Prima di utilizzare il lettore d'iris, è necessario impostare il proprio iris nelle impostazioni di sistema.","Before using the iris authentication method, you must enroll your iris in the System Settings."
error_authentication_biometric_not_enrolled,"Before using the %1$s authentication method, you must enroll your %1$s in the System Settings.","Ihr %1$s muss in den Systemeinstellungen hinterlegt sein bevor Sie sich mit %1$s authentisieren können.","Avant d'utiliser la méthode d'authentification %1$s, vous devez définir votre %1$s dans les préférences du système.","Prima di utilizzare il %1$s, è necessario impostare la propria %1$s nelle impostazioni di sistema.","Before using the %1$s authentication method, you must enroll your %1$s in the System Settings."
account_pin_authentication_method,"PIN","PIN","PIN","PIN","识别码"
account_fingerprint_authentication_method,"Fingerprint","Fingerabdruck","Empreintes digitales","Impronte digitali","Fingerprint"
account_face_authentication_method,"Face","Gesicht","Visage","Faccia","Face"
account_iris_authentication_method,"Iris","Iris","Iris","Iris","Iris"
account_undefined_biometric_authentication_method,"Biometric (Face/Fingerprint/Iris)","Biometrisch (Gesicht/Fingerabdruck/Iris)","Biométrie (visage/empreintes digitales/iris)","Biometrico (faccia/impronte digitali/iris)","Biometric (Face/Fingerprint/Iris)"
account_screen_deregister_alert_title_android,"Account Removal","Konto Entfernen?","Supprimer le Compte?","Rimuovi Account?","Remove Account?"
account_screen_deregister_alert_message_android,"Do you want to remove the account named %1$s?","Möchten Sie das Konto mit dem Namen %1$s entfernen?","Voulez-vous supprimer le compte nommé %1$s?","Vuoi rimuovere l'account chiamato %1$s?","Do you want to remove the account named %1$s?"
account_screen_deregister_alert_deregister_authenticator,"Remove authentication method %1$s","Authentifizierungsmethode %1$s entfernen","Supprimer la méthode d'authentification %1$s","Rimuovere il metodo di autenticazione %1$s","停止使用验证方式"
iris_authenticator_not_enrolled,"Before using the iris authentication method, you must enroll your iris in the System Settings.","Ihr Iris muss in den Systemeinstellungen hinterlegt sein bevor Sie sich mit Iriserkennung authentisieren können.","Avant d'utiliser le scanner d'iris, vous devez définir votre iris dans les préférences du système.","Prima di utilizzare il lettore d'iris, è necessario impostare il proprio iris nelle impostazioni di sistema.","Before using the iris authentication method, you must enroll your iris in the System Settings."
biometric_authenticator_not_enrolled,"Before using the %1$s authentication method, you must enroll your %1$s in the System Settings.","Ihr %1$s muss in den Systemeinstellungen hinterlegt sein bevor Sie sich mit %1$s authentisieren können.","Avant d'utiliser la méthode d'authentification %1$s, vous devez définir votre %1$s dans les préférences du système.","Prima di utilizzare il %1$s, è necessario impostare la propria %1$s nelle impostazioni di sistema.","Before using the %1$s authentication method, you must enroll your %1$s in the System Settings."
fingerprint_verification_screen_text,"Scan your fingerprint to authenticate","Verwenden Sie den Fingerabdrucksensor zur Authentifizierung.","Utilisez le capteur d'empreintes digitales pour vous authentifier.","Utilizzare il sensore di impronte digitali per l'autenticazione.","使用指纹传感器验证"
fingerprint_verification_screen_error,"Your finger could not be scanned, try again","Fehler. Bitte versuchen Sie es erneut.","Erreur. Veuillez réessayer.","Errore. Per favore prova di nuovo.","错误。请重新尝试"
fingerprint_verification_screen_title,"Verification","Verifizierung","Vérification","Verifica","Verification"
biometric_verification_registration_title,"Verification","Verifizierung","Vérification","Verifica","Verification"
biometric_verification_registration_description,"Please authenticate to complete Registration.","Bitte authentifizieren Sie sich, um die Registrierung abzuschließen.","Veuillez vous authentifier pour terminer l'enregistrement.","Si prega di autenticarsi per completare la registrazione.","Please authenticate to complete Registration."
biometric_verification_authentication_title,"Verification","Verifizierung","Vérification","Verifica","Verification"
biometric_verification_authentication_description,"Please authenticate to complete the operation.","Bitte authentifizieren Sie sich, um die Operation abzuschließen.","Veuillez vous authentifier pour terminer l'opération.","Si prega di autenticarsi per completare l'operazione.","Please authenticate to complete the operation."
biometric_verification_authentication_with_account_description,"Please authenticate as %1$s to complete the operation.","Bitte authentifizieren Sie sich als %1$s, um die Operation abzuschließen.","Veuillez vous authentifier en tant que %1$s pour terminer l'opération.","Si prega di autenticarsi come %1$s per completare l'operazione.","Please authenticate as %1$s to complete the operation."
biometric_verification_screen_title,"Verification","Verifizierung","Vérification","Verifica","Verification"
permission_screen_camera_rationale_title,"Camera Access","Kamerazugriff","Accès aux caméras","Accesso alle telecamere","访问相机"
permission_screen_camera_rationale_text,"Allow the <app_name> to access your camera in order to scan the QR code.","Bitte gewähren Sie der <app_name> Zugriff auf Ihre Kamera, um den QR-Code zu scannen.","Veuillez donner à l'<app_name> l'accès à votre appareil photo afin de scanner le code QR.","Per scannerizzare il codice QR., si prega di concedere a <app_name> l'accesso alla vostra fotocamera.","请允许<app_name>访问相机来完成操作"
permission_screen_camera_rationale_provide_permissions,"Provide Permissions","Berechtigungen erteilen","Fournir des permissions","Fornire i permessi","Provide Permissions"
select_pin_authenticator_title,"PIN Authenticator","PIN-Authentifizierer","Authentificateur de code PIN","Autentificatore PIN","识别码验证人"
select_fingerprint_authenticator_title,"Fingerprint Authenticator","Fingerabdruck-Authentifizierer","Authentificateur d'empreintes digitales","Autentificatore di impronte digitali","指纹验证人"
select_face_authenticator_title,"Face Authentication Method","Gesicht-Authentisierungsmethode","Réconnaissance Faciale","Riconoscimento Facciale","Face Authentication Method"
select_iris_authenticator_title,"Iris Authentication Method","Iris-Authentisierungsmethode","Scanner d'Iris","Lettore d'Iris","Iris Authentication Method"
select_iris_authenticator_description,"We recommend Iris authentication as login method. Please make sure you have at least one iris registered in your settings.","Wir empfehlen die Authentifizierung per Iris als Login-Methode. Bitte stellen Sie sicher, dass Sie mindestens ein Iris in Ihren Einstellungen registriert haben.","Nous recommandons l'authentification par scanner d'iris comme méthode de connexion. Veuillez vous assurer que vous avez au moins un iris enregistrée dans vos paramètres.","Si consiglia l'autenticazione tramite lettore d'iris come metodo di login. Assicuratevi di avere almeno un iris registrato nelle vostre impostazioni.","We recommend Iris authentication as login method. Please make sure you have at least one iris registered in your settings."
select_biometric_authenticator_title,"%1$s Authentication Method","%1$s-Authentifizierungsmethode","Méthode d'Authentification %1$s","Metodo di Autenticazione %1$s","%1$s Authentication Method"
select_biometric_authenticator_description,"We recommend %1$s authentication as login method. Please make sure you have at least one %1$s registered in your settings.","Wir empfehlen %1$s als Login-Methode. Bitte stellen Sie sicher, dass Sie mindestens einen %1$s in Ihren Einstellungen registriert haben.","Nous recommandons l'authentification par les empreintes digitales comme méthode de connexion. Veuillez vous assurer que vous avez au moins une empreinte digitale enregistrée dans vos paramètres.","Si consiglia l'autenticazione tramite impronta digitale come metodo di login. Assicuratevi di avere almeno un'impronta digitale registrata nelle vostre impostazioni.","We recommend %1$s authentication as login method. Please make sure you have at least one %1$s registered in your settings."
pin_protection_status_description_previous_error_retries_without_cooldown_android,"An invalid PIN was previously provided. You have %1$d tries left.","Es wurde zuvor eine ungültige PIN eingegeben. Sie haben noch %1$d Versuche übrig.","Un code PIN invalide a été fourni précédemment. Il vous reste %1$d essais.","In precedenza è stato fornito un PIN non valido. Avete %1$d tentativi rimasti.","An invalid PIN was previously provided. You have %1$d tries left."
pin_protection_status_description_retries_without_cooldown_android,"Invalid PIN. You have %1$d tries left.","Ungültige PIN. Sie haben noch %1$d Versuche übrig.","PIN non valide. Il vous reste %1$d essais.","PIN non valido. Sono rimasti %1$d tentativi.","无效识别码。您还可以尝试%d次"
pin_protection_status_description_previous_error_retries_with_cooldown_android,"An invalid PIN was previously provided. You have %1$d tries left.\nYou can retry in %2$d seconds.","Es wurde zuvor eine ungültige PIN eingegeben. Sie haben noch %1$d Versuche übrig.\nBitte versuchen Sie es in %2$d Sekunden erneut.","Un code PIN invalide a été fourni précédemment. Il vous reste %1$d essais.\nVeuillez réessayer dans %2$d secondes.","In precedenza è stato fornito un PIN non valido. Avete %1$d tentativi rimasti.\nProvare di nuovo in %2$d secondi.","An invalid PIN was previously provided. You have %1$d tries left.\nPlease retry in %2$d seconds."
pin_protection_status_description_retries_with_cooldown_android,"Invalid PIN. You have %1$d tries left.\nYou can retry in %2$d seconds.","Ungültige PIN. Sie haben %1$d Versuche übrig.\nBitte versuchen Sie es in %2$d Sekunden erneut.","PIN non valide. Il vous reste %1$d essais.\nVeuillez réessayer dans %2$d secondes.","PIN non valido. Avete %1$d tentativi rimasti.\nProvare di nuovo in %2$d secondi.","无效识别码。您还可以尝试%1$d次\n请在%2$d秒之后再试"
pin_protection_status_description_previous_error_last_retry_with_cooldown_android,"An invalid PIN was previously provided. This is your last try.\nYou can retry in %1$d seconds.\nAfter that your PIN will be blocked.","Es wurde zuvor eine ungültige PIN eingegeben. Sie haben noch 1 Versuch übrig.\nBitte versuchen Sie es in %1$d Sekunden erneut.\nDanach wird Ihre PIN gesperrt.","Un code PIN invalide a été fourni précédemment. Il vous reste 1 essai.\nVeuillez réessayer dans %1$d seconds.\nAprès cela, votre code PIN sera bloqué.","In precedenza è stato fornito un PIN non valido. Le rimane 1 tentativo.\nProvare nuovamente in %1$d secondi.\nDopo di che il suo PIN sarà bloccato.","An invalid PIN was previously provided. You have 1 try left.\nPlease retry in %1$d seconds.\nAfter that your PIN will be blocked."
pin_protection_status_description_last_retry_with_cooldown_android,"Invalid PIN. This is your last try.\nYou can retry in %1$d seconds.\nAfter that your PIN will be blocked.","Ungültige PIN. Sie haben noch 1 Versuch übrig.\nBitte versuchen Sie es in %1$d Sekunden erneut.\nDanach wird Ihre PIN gesperrt.","PIN non valide. Il vous reste 1 essai.\nVeuillez réessayer dans %1$d seconds.\nAprès cela, votre code PIN sera bloqué.","PIN non valido. Le rimane 1 tentativo.\nProvare nuovamente in %1$d secondi.\nDopo di che il suo PIN sarà bloccato.","无效识别码。您还可以尝试1次\n请在%2$d秒之后再试\n此后您的识别码将被锁定"
error_registration_with_failure_details,"You are not authorized to register\n%1$s","Sie sind nicht berechtigt sich zu registrieren.\n%1$s","Vous n'êtes pas autorisé à vous enregistrer.\n%1$s","Non ti è permesso registrarti.\n%1$s","您未被允许注册\n%1$s"
error_authentication_with_failure_details,"We were not able to verify your identity\n%1$s","Wir konnten Ihre Identität nicht überprüfen.\n%1$s","Nous n'avons pas été en mesure de vérifier votre identité.\n%1$s","Non siamo stati in grado di verificare la tua identità.\n%1$s","我们无法验证您的身份\n%1$s"
error_deregistration_with_failure_details,"We were not able to verify your identity\n%1$s","Wir konnten Ihre Identität nicht überprüfen.\n%1$s","Nous n'avons pas été en mesure de vérifier votre identité.\n%1$s","Non siamo stati in grado di verificare la tua identità.\n%1$s","我们无法验证您的身份\n%1$s"
error_initializing_generic,"Unexpected error initializing application.\n\n%1$s\nError code: %2$s.\nOther details: %3$s","Unerwarteter Fehler bei der Initialisierung.\n\n%1$s\nFehlercode: %2$s.\nWeitere Angabe: %3$s","Erreur inattendue lors de l'initialisation de l'application.\n\n%1$s\nCode d'erreur: %2$s.\nAutres détails: %3$s","Errore inaspettato di inizializzazione dell'applicazione.\n\n%1$s\nCodice di errore: %2$s.\nAltri dettagli: %3$s","Unexpected error initializing application.\n\n%1$s\nError code: %2$s.\nOther details: %3$s"
device_protection_error,"For security reasons the application requires screen lock to be enabled.\nEnable it in the phone System Settings.","Aus Sicherheitsgründen muss der Sperrbildschirm aktiviert werden.\nBitte aktivieren Sie ihn in den Systemeinstellungen.","Pour des raisons de sécurité, l'application nécessite l'activation de l'écran de verrouillage. Veuillez l'activer dans les préférences du système.","Per motivi di sicurezza l'applicazione richiede che la schermata di blocco sia abilitata.\nAbilitatela nelle Impostazioni di sistema.","For security reasons the application requires lock screen to be enabled.\nPlease enable it in the System Settings."
device_protection_hardware_error,"Your device is not supported by the application. The device does not allow storing data securely.","Dieses Gerät ist nicht unterstützt. Das Gerät erlaubt keine sichere Datenspeicherung.","Ce dispositif n'est pas supporté par l'application. L'appareil ne permet pas de stocker des données en toute sécurité.","Questo dispositivo non è supportato dall'applicazione. Il dispositivo non consente di memorizzare i dati in modo sicuro.","This device is not supported by the application. The device does not allow storing data securely."
rooted_device_error,"Your device is rooted. Rooted devices are not supported by this application for security reasons.","Dieses Gerät is gerootet. Gerootete Geräte werden von dieser Anwendung aus Sicherheitsgründen nicht unterstützt.","Ce dispositif est rooté. Les dispositifs rootés ne sont pas pris supportés par cette application pour des raisons de sécurité.","Questo dispositivo è rootato. I dispositivi rootati non sono supportati da questa applicazione per motivi di sicurezza.","This device is rooted. Rooted devices are not supported by this application for security reasons."
unknown_model,"Unknown Model","Unbekanntes Modell","Modèle Inconnu","Modello Sconosciuto","Unknown Model"
success_screen_automatic_redirect_countdown,"Click the button to return. The application will automatically close in %1$d seconds.","Klicken Sie auf die Schaltfläche zum Zurückkehren. Die Anwendung wird automatisch in %1$d Sekunden geschlossen.","Cliquez sur le bouton pour revenir. L'application se fermera automatiquement en %1$d secondes.","Fare clic sul pulsante per tornare indietro. L'applicazione si chiuderà automaticamente in %1$d secondi.","点击按钮返回。应用程序将在%1$d秒后自动关闭。"
error_updating_message,"The application update did not complete successfully. Update it manually in your application store.","Das Update der Anwendung wurde nicht erfolgreich abgeschlossen. Um die Anwendung nutzen zu können, müssen Sie auf die neueste Version aktualisieren.","La mise à jour de l'application n'a pas abouti. Pour pouvoir utiliser l'application, vous devez effectuer une mise à jour vers la dernière version.","L'aggiornamento dell'applicazione non è stato completato con successo. Per poter utilizzare l'applicazione, è necessario aggiornare all'ultima versione.","The update of the application did not complete successfully. To be able to use the Application, you must update to the latest version."
error_cannot_decrypt_out_band_payload_without_accounts,"The operation cannot be processed because there are no accounts defined.","Die Operation kann nicht bearbeitet werden, da keine Konten definiert sind.","L'opération ne peut pas être traitée car il n'y a pas de comptes définis.","L'operazione non può essere elaborata perché non ci sono conti definiti.","The operation cannot be processed because there are no accounts defined."
error_out_of_band_authentication_without_accounts,"The authentication cannot be processed because there are no accounts defined.","Die Authentifizierung kann nicht bearbeitet werden, da keine Konten definiert sind.","L'authentification ne peut pas être traitée car il n'y a pas de comptes définis.","L'autenticazione non può essere elaborata perché non ci sono conti definiti.","The authentication cannot be processed because there are no accounts defined."
error_missing_google_play_services,"Google Play Services are not installed. The application will not be able to receive authentication notifications.","Google Play Services sind nicht installiert. Die App kann keine Authentifizierungsbenachrichtigungen empfangen.","Google Play Services ne sont pas installés. L'application ne sera pas en mesure de recevoir des notifications d'authentification.","Google Play Services non sono installati. L'applicazione non sarà in grado di ricevere notifiche di autenticazione.","Google Play Services are not installed. The application will not be able to receive authentication notifications."
error_disabled_google_play_services,"Google Play Services are disabled. The application will not be able to receive authentication notifications.","Google Play Services sind deaktiviert. Die App kann keine Authentifizierungsbenachrichtigungen empfangen.","Google Play Services sont désactivés. L'application ne sera pas en mesure de recevoir des notifications d'authentification.","Google Play Services sono disattivati. L'applicazione non sarà in grado di ricevere notifiche di autenticazione.","Google Play Services are disabled. The application will not be able to receive authentication notifications."
error_not_authentic_google_play_services,"The installed Google Play Services are not authentic. The application may not be able to receive authentication notifications.","Die installierten Google Play Services sind nicht authentisch. Die App kann möglicherweise keine Authentifizierungsbenachrichtigungen empfangen.","Les Google Play Services installés ne sont pas authentiques. L'application peut ne pas être en mesure de recevoir des notifications d'authentification.","I Google Play Services installati non sono autentici. L'applicazione potrebbe non essere in grado di ricevere le notifiche di autenticazione.","The installed Google Play Services are not authentic. The application may not be able to receive authentication notifications."
no_google_play_services_alert_title,"Push Authentication Unavailable","Push-Authentifizierung nicht verfügbar","Authentification push non disponible","Autenticazione push non disponibile","Push Authentication Unavailable"
no_google_play_services_alert_close,"Close","Schliessen","Fermer","Chiudi","Close"
no_google_play_services_alert_do_not_display_again,"Do not display this message again","Diese Meldung nicht mehr anzeigen","Ne pas afficher ce message de nouveau","Non visualizzare di nuovo questo messaggio","Do not display this message again"
push_screen_rationale_title,"Notifications","Benachrichtigungen","Notifications","Notifiche","Notifications"
push_screen_rationale_text,"Allow the application to receive notifications in order to allow notification authentication.","Erlauben Sie der Anwendung, Benachrichtigungen zu empfangen, um die Authentifizierung mit Benachrichtigungen zu ermöglichen.","Autoriser l'application à recevoir des notifications afin de permettre l'authentification avec des notifications.","Consentire all'applicazione di ricevere notifiche per permettere l'autenticazione con le notifiche.","Allow the application to receive notifications in order to allow notification authentication."
push_screen_rationale_provide_permissions,"Provide Permissions","Berechtigungen erteilen","Fournir des permissions","Fornire i permessi","Provide Permissions"
do_not_provide_permissions_button,"Do Not Provide Permissions","Keine Berechtigungen erteilen","Ne pas fournir des permissions","Non fornire permessi","Do Not Provide Permissions"
missing_push_notifications_permissions,"The application needs notification permissions in order to allow notification authentication.","Die Anwendung benötigt Benachrichtigungsberechtigungen, um die Authentifizierung mit Benachrichtigungen zu ermöglichen.","L'application a besoin d'autorisations de notification afin de permettre l'authentification avec les notifications.","L'applicazione ha bisogno dei permessi di notifica per consentire l'autenticazione con le notifiche.","The application needs notification permissions in order to allow notification authentication."
error_navigating_with_xcallbackurl_title,"Error","Fehler","Erreur","Errore","错误"
error_navigating_with_xcallbackurl_msg,"Error navigating to URL %1$s. Contact the client service if the error persists.","Fehler beim Navigieren zur URL %1$s. Wenden Sie sich an den Kundendienst, wenn der Fehler weiterhin besteht.","Erreur de navigation vers l'URL %1$s. Contactez le service client si l'erreur persiste.","Errore di navigazione verso l'URL %1$s. Contattare il servizio clienti se l'errore persiste.","Error navigating to URL %1$s. Contact the client service if the error persists."
device_naming_screen_confirm,"Confirm","Bestätigen","Confirmer","Conferma","确认"